LoanID,PersonID,LibraryID,DateStarted
1,149,71,3/24/2021
2,74,75,3/20/2021
3,147,96,3/15/2021
4,131,17,4/9/2021
5,36,77,6/22/2021
6,105,19,2/9/2021
7,29,12,10/30/2021
8,9,28,12/13/2020
9,19,95,8/16/2021
10,193,20,11/16/2021
11,68,40,12/28/2020
12,165,60,1/19/2021
13,1,22,1/27/2021
14,159,10,5/23/2021
15,184,21,12/17/2020
16,190,100,5/6/2021
17,34,57,2/28/2021
18,112,71,11/11/2021
19,18,59,3/5/2021
20,63,76,9/12/2021
21,7,81,9/22/2021
22,107,6,7/18/2021
23,119,86,1/11/2021
24,33,40,11/5/2021
25,127,85,8/3/2021
26,19,95,10/12/2021
27,73,5,1/12/2021
28,143,49,7/16/2021
29,34,72,12/7/2020
30,138,33,4/23/2021
31,99,32,7/18/2021
32,141,55,2/8/2021
33,46,53,5/13/2021
34,184,95,12/23/2020
35,66,93,7/1/2021
36,6,53,9/23/2021
37,32,68,7/31/2021
38,174,13,8/29/2021
39,130,58,8/22/2021
40,61,21,1/25/2021
41,148,88,11/1/2021
42,199,99,4/13/2021
43,142,93,12/23/2020
44,79,33,12/17/2020
45,62,10,12/5/2020
46,185,17,4/20/2021
47,11,31,10/16/2021
48,150,22,11/13/2021
49,120,51,11/5/2021
50,77,2,5/8/2021
51,65,99,5/1/2021
52,114,37,11/16/2021
53,147,42,6/15/2021
54,195,24,12/26/2020
55,24,86,10/7/2021
56,147,1,10/1/2021
57,86,15,8/28/2021
58,3,2,12/24/2020
59,65,51,5/19/2021
60,188,27,5/22/2021
61,121,92,3/17/2021
62,35,62,8/14/2021
63,112,32,5/26/2021
64,47,95,11/3/2021
65,25,32,4/29/2021
66,80,59,10/30/2021
67,106,85,6/18/2021
68,91,92,6/30/2021
69,200,15,11/13/2021
70,123,19,8/4/2021
71,154,87,4/19/2021
72,3,73,3/18/2021
73,162,48,8/5/2021
74,84,86,6/20/2021
75,178,6,7/7/2021
76,120,24,3/29/2021
77,182,58,11/15/2021
78,71,42,10/29/2021
79,59,95,3/28/2021
80,151,27,8/22/2021
81,50,23,1/27/2021
82,136,95,9/19/2021
83,130,59,2/25/2021
84,118,69,10/8/2021
85,170,4,7/22/2021
86,172,70,2/19/2021
87,189,48,9/1/2021
88,43,29,11/2/2021
89,49,31,1/2/2021
90,10,10,10/8/2021
91,2,53,8/3/2021
92,169,63,1/10/2021
93,197,39,9/8/2021
94,137,69,3/28/2021
95,184,39,11/29/2020
96,109,16,4/5/2021
97,14,30,6/1/2021
98,171,85,11/5/2021
99,197,78,8/16/2021
100,75,11,3/28/2021
101,138,59,7/26/2021
102,164,53,2/25/2021
103,95,25,5/30/2021
104,156,84,8/2/2021
105,125,31,3/4/2021
106,119,27,7/3/2021
107,178,13,7/25/2021
108,78,4,10/15/2021
109,168,48,10/23/2021
110,71,94,4/11/2021
111,22,79,3/13/2021
112,60,99,12/11/2020
113,152,51,9/30/2021
114,90,42,6/8/2021
115,179,19,9/25/2021
116,30,81,3/3/2021
117,23,67,9/11/2021
118,116,86,11/26/2020
119,83,17,8/28/2021
120,151,29,4/21/2021
121,168,38,9/22/2021
122,200,53,5/31/2021
123,93,85,7/23/2021
124,188,15,10/1/2021
125,152,51,12/15/2020
126,71,15,10/16/2021
127,148,21,7/24/2021
128,34,42,5/22/2021
129,47,12,9/19/2021
130,9,37,7/8/2021
131,101,86,11/1/2021
132,61,86,12/30/2020
133,96,93,4/1/2021
134,92,78,3/10/2021
135,117,43,4/12/2021
136,151,5,10/1/2021
137,119,97,7/14/2021
138,158,17,5/25/2021
139,142,72,7/19/2021
140,173,45,5/21/2021
141,149,44,6/28/2021
142,121,68,10/1/2021
143,129,9,6/11/2021
144,23,50,8/10/2021
145,83,69,5/10/2021
146,172,57,3/19/2021
147,159,16,9/11/2021
148,115,9,7/6/2021
149,87,21,3/26/2021
150,156,50,11/2/2021
151,1,401,10/03/2021
152,2,402,10/03/2021
153,3,403,10/03/2021
154,4,404,10/03/2021
155,5,405,10/03/2021
156,6,406,10/03/2021
157,7,407,10/03/2021
158,8,408,10/03/2021
159,9,409,10/03/2021
160,10,410,10/03/2021
161,11,411,10/03/2021
162,12,412,10/03/2021
163,13,413,10/03/2021
164,14,414,10/03/2021
165,15,415,10/03/2021
